filepath,label
/Users/sanjayachaudhary/Desktop/projects/day-22/data/raw/DevanagariHandwrittenCharacterDataset/Train/digit_0/103349.png,0
/Users/sanjayachaudhary/Desktop/projects/day-22/data/raw/DevanagariHandwrittenCharacterDataset/Train/digit_0/12273.png,0
/Users/sanjayachaudhary/Desktop/projects/day-22/data/raw/DevanagariHandwrittenCharacterDataset/Train/digit_0/39550.png,0
/Users/sanjayachaudhary/Desktop/projects/day-22/data/raw/DevanagariHandwrittenCharacterDataset/Train/digit_0/12288.png,0
/Users/sanjayachaudhary/Desktop/projects/day-22/data/raw/DevanagariHandwrittenCharacterDataset/Train/digit_0/99624.png,0
/Users/sanjayachaudhary/Desktop/projects/day-22/data/raw/DevanagariHandwrittenCharacterDataset/Train/digit_0/39384.png,0
/Users/sanjayachaudhary/Desktop/projects/day-22/data/raw/DevanagariHandwrittenCharacterDataset/Train/digit_0/9551.png,0
/Users/sanjayachaudhary/Desktop/projects/day-22/data/raw/DevanagariHandwrittenCharacterDataset/Train/digit_0/39497.png,0
/Users/sanjayachaudhary/Desktop/projects/day-22/data/raw/DevanagariHandwrittenCharacterDataset/Train/digit_0/28876.png,0
/Users/sanjayachaudhary/Desktop/projects/day-22/data/raw/DevanagariHandwrittenCharacterDataset/Train/digit_0/66571.png,0
/Users/sanjayachaudhary/Desktop/projects/day-22/data/raw/DevanagariHandwrittenCharacterDataset/Train/digit_0/66675.png,0
/Users/sanjayachaudhary/Desktop/projects/day-22/data/raw/DevanagariHandwrittenCharacterDataset/Train/digit_0/76216.png,0
/Users/sanjayachaudhary/Desktop/projects/day-22/data/raw/DevanagariHandwrittenCharacterDataset/Train/digit_0/39533.png,0
/Users/sanjayachaudhary/Desktop/projects/day-22/data/raw/DevanagariHandwrittenCharacterDataset/Test/digit_0/103309.png,0
/Users/sanjayachaudhary/Desktop/projects/day-22/data/raw/DevanagariHandwrittenCharacterDataset/Train/digit_0/28807.png,0
/Users/sanjayachaudhary/Desktop/projects/day-22/data/raw/DevanagariHandwrittenCharacterDataset/Train/digit_0/66601.png,0
/Users/sanjayachaudhary/Desktop/projects/day-22/data/raw/DevanagariHandwrittenCharacterDataset/Test/digit_0/39341.png,0
/Users/sanjayachaudhary/Desktop/projects/day-22/data/raw/DevanagariHandwrittenCharacterDataset/Train/digit_0/4625.png,0
/Users/sanjayachaudhary/Desktop/projects/day-22/data/raw/DevanagariHandwrittenCharacterDataset/Train/digit_0/4669.png,0
/Users/sanjayachaudhary/Desktop/projects/day-22/data/raw/DevanagariHandwrittenCharacterDataset/Train/digit_0/9530.png,0
/Users/sanjayachaudhary/Desktop/projects/day-22/data/raw/DevanagariHandwrittenCharacterDataset/Test/digit_0/92392.png,0
/Users/sanjayachaudhary/Desktop/projects/day-22/data/raw/DevanagariHandwrittenCharacterDataset/Train/digit_0/66575.png,0
/Users/sanjayachaudhary/Desktop/projects/day-22/data/raw/DevanagariHandwrittenCharacterDataset/Train/digit_0/18531.png,0
/Users/sanjayachaudhary/Desktop/projects/day-22/data/raw/DevanagariHandwrittenCharacterDataset/Test/digit_0/39562.png,0
/Users/sanjayachaudhary/Desktop/projects/day-22/data/raw/DevanagariHandwrittenCharacterDataset/Train/digit_0/4570.png,0
/Users/sanjayachaudhary/Desktop/projects/day-22/data/raw/DevanagariHandwrittenCharacterDataset/Train/digit_0/39407.png,0
/Users/sanjayachaudhary/Desktop/projects/day-22/data/raw/DevanagariHandwrittenCharacterDataset/Train/digit_0/44562.png,0
/Users/sanjayachaudhary/Desktop/projects/day-22/data/raw/DevanagariHandwrittenCharacterDataset/Train/digit_0/49302.png,0
/Users/sanjayachaudhary/Desktop/projects/day-22/data/raw/DevanagariHandwrittenCharacterDataset/Test/digit_0/12376.png,0
/Users/sanjayachaudhary/Desktop/projects/day-22/data/raw/DevanagariHandwrittenCharacterDataset/Train/digit_0/4681.png,0
/Users/sanjayachaudhary/Desktop/projects/day-22/data/raw/DevanagariHandwrittenCharacterDataset/Train/digit_0/12303.png,0
/Users/sanjayachaudhary/Desktop/projects/day-22/data/raw/DevanagariHandwrittenCharacterDataset/Test/digit_0/4574.png,0
/Users/sanjayachaudhary/Desktop/projects/day-22/data/raw/DevanagariHandwrittenCharacterDataset/Train/digit_0/76207.png,0
/Users/sanjayachaudhary/Desktop/projects/day-22/data/raw/DevanagariHandwrittenCharacterDataset/Train/digit_0/4558.png,0
/Users/sanjayachaudhary/Desktop/projects/day-22/data/raw/DevanagariHandwrittenCharacterDataset/Train/digit_0/103406.png,0
/Users/sanjayachaudhary/Desktop/projects/day-22/data/raw/DevanagariHandwrittenCharacterDataset/Train/digit_0/76230.png,0
/Users/sanjayachaudhary/Desktop/projects/day-22/data/raw/DevanagariHandwrittenCharacterDataset/Train/digit_0/103352.png,0
/Users/sanjayachaudhary/Desktop/projects/day-22/data/raw/DevanagariHandwrittenCharacterDataset/Train/digit_0/66665.png,0
/Users/sanjayachaudhary/Desktop/projects/day-22/data/raw/DevanagariHandwrittenCharacterDataset/Train/digit_0/89448.png,0
/Users/sanjayachaudhary/Desktop/projects/day-22/data/raw/DevanagariHandwrittenCharacterDataset/Train/digit_0/103305.png,0
/Users/sanjayachaudhary/Desktop/projects/day-22/data/raw/DevanagariHandwrittenCharacterDataset/Train/digit_0/76294.png,0
/Users/sanjayachaudhary/Desktop/projects/day-22/data/raw/DevanagariHandwrittenCharacterDataset/Train/digit_0/39398.png,0
/Users/sanjayachaudhary/Desktop/projects/day-22/data/raw/DevanagariHandwrittenCharacterDataset/Train/digit_0/9542.png,0
/Users/sanjayachaudhary/Desktop/projects/day-22/data/raw/DevanagariHandwrittenCharacterDataset/Test/digit_0/39506.png,0
/Users/sanjayachaudhary/Desktop/projects/day-22/data/raw/DevanagariHandwrittenCharacterDataset/Train/digit_0/89387.png,0
/Users/sanjayachaudhary/Desktop/projects/day-22/data/raw/DevanagariHandwrittenCharacterDataset/Train/digit_1/4834.png,1
/Users/sanjayachaudhary/Desktop/projects/day-22/data/raw/DevanagariHandwrittenCharacterDataset/Train/digit_1/6852.png,1
/Users/sanjayachaudhary/Desktop/projects/day-22/data/raw/DevanagariHandwrittenCharacterDataset/Train/digit_1/43553.png,1
/Users/sanjayachaudhary/Desktop/projects/day-22/data/raw/DevanagariHandwrittenCharacterDataset/Train/digit_1/39812.png,1
/Users/sanjayachaudhary/Desktop/projects/day-22/data/raw/DevanagariHandwrittenCharacterDataset/Test/digit_1/39729.png,1
/Users/sanjayachaudhary/Desktop/projects/day-22/data/raw/DevanagariHandwrittenCharacterDataset/Train/digit_1/43554.png,1
/Users/sanjayachaudhary/Desktop/projects/day-22/data/raw/DevanagariHandwrittenCharacterDataset/Train/digit_1/76596.png,1
/Users/sanjayachaudhary/Desktop/projects/day-22/data/raw/DevanagariHandwrittenCharacterDataset/Train/digit_1/56103.png,1
/Users/sanjayachaudhary/Desktop/projects/day-22/data/raw/DevanagariHandwrittenCharacterDataset/Test/digit_1/4764.png,1
/Users/sanjayachaudhary/Desktop/projects/day-22/data/raw/DevanagariHandwrittenCharacterDataset/Train/digit_1/4828.png,1
/Users/sanjayachaudhary/Desktop/projects/day-22/data/raw/DevanagariHandwrittenCharacterDataset/Train/digit_1/39859.png,1
/Users/sanjayachaudhary/Desktop/projects/day-22/data/raw/DevanagariHandwrittenCharacterDataset/Train/digit_1/39910.png,1
/Users/sanjayachaudhary/Desktop/projects/day-22/data/raw/DevanagariHandwrittenCharacterDataset/Train/digit_1/18573.png,1
/Users/sanjayachaudhary/Desktop/projects/day-22/data/raw/DevanagariHandwrittenCharacterDataset/Train/digit_1/39853.png,1
/Users/sanjayachaudhary/Desktop/projects/day-22/data/raw/DevanagariHandwrittenCharacterDataset/Train/digit_1/29065.png,1
/Users/sanjayachaudhary/Desktop/projects/day-22/data/raw/DevanagariHandwrittenCharacterDataset/Train/digit_1/76594.png,1
/Users/sanjayachaudhary/Desktop/projects/day-22/data/raw/DevanagariHandwrittenCharacterDataset/Train/digit_1/39776.png,1
/Users/sanjayachaudhary/Desktop/projects/day-22/data/raw/DevanagariHandwrittenCharacterDataset/Train/digit_1/66810.png,1
/Users/sanjayachaudhary/Desktop/projects/day-22/data/raw/DevanagariHandwrittenCharacterDataset/Train/digit_1/18613.png,1
/Users/sanjayachaudhary/Desktop/projects/day-22/data/raw/DevanagariHandwrittenCharacterDataset/Train/digit_1/49397.png,1
/Users/sanjayachaudhary/Desktop/projects/day-22/data/raw/DevanagariHandwrittenCharacterDataset/Train/digit_1/49336.png,1
/Users/sanjayachaudhary/Desktop/projects/day-22/data/raw/DevanagariHandwrittenCharacterDataset/Train/digit_1/39688.png,1
/Users/sanjayachaudhary/Desktop/projects/day-22/data/raw/DevanagariHandwrittenCharacterDataset/Test/digit_1/29031.png,1
/Users/sanjayachaudhary/Desktop/projects/day-22/data/raw/DevanagariHandwrittenCharacterDataset/Train/digit_1/9668.png,1
/Users/sanjayachaudhary/Desktop/projects/day-22/data/raw/DevanagariHandwrittenCharacterDataset/Train/digit_1/39641.png,1
/Users/sanjayachaudhary/Desktop/projects/day-22/data/raw/DevanagariHandwrittenCharacterDataset/Train/digit_1/49394.png,1
/Users/sanjayachaudhary/Desktop/projects/day-22/data/raw/DevanagariHandwrittenCharacterDataset/Train/digit_1/12478.png,1
/Users/sanjayachaudhary/Desktop/projects/day-22/data/raw/DevanagariHandwrittenCharacterDataset/Train/digit_1/29004.png,1
/Users/sanjayachaudhary/Desktop/projects/day-22/data/raw/DevanagariHandwrittenCharacterDataset/Train/digit_1/49357.png,1
/Users/sanjayachaudhary/Desktop/projects/day-22/data/raw/DevanagariHandwrittenCharacterDataset/Train/digit_1/39802.png,1
/Users/sanjayachaudhary/Desktop/projects/day-22/data/raw/DevanagariHandwrittenCharacterDataset/Test/digit_1/6898.png,1
/Users/sanjayachaudhary/Desktop/projects/day-22/data/raw/DevanagariHandwrittenCharacterDataset/Train/digit_1/18609.png,1
/Users/sanjayachaudhary/Desktop/projects/day-22/data/raw/DevanagariHandwrittenCharacterDataset/Test/digit_1/4836.png,1
/Users/sanjayachaudhary/Desktop/projects/day-22/data/raw/DevanagariHandwrittenCharacterDataset/Train/digit_1/9664.png,1
/Users/sanjayachaudhary/Desktop/projects/day-22/data/raw/DevanagariHandwrittenCharacterDataset/Train/digit_1/28972.png,1
/Users/sanjayachaudhary/Desktop/projects/day-22/data/raw/DevanagariHandwrittenCharacterDataset/Train/digit_1/56131.png,1
/Users/sanjayachaudhary/Desktop/projects/day-22/data/raw/DevanagariHandwrittenCharacterDataset/Train/digit_1/66857.png,1
/Users/sanjayachaudhary/Desktop/projects/day-22/data/raw/DevanagariHandwrittenCharacterDataset/Test/digit_1/76503.png,1
/Users/sanjayachaudhary/Desktop/projects/day-22/data/raw/DevanagariHandwrittenCharacterDataset/Train/digit_1/39733.png,1
/Users/sanjayachaudhary/Desktop/projects/day-22/data/raw/DevanagariHandwrittenCharacterDataset/Train/digit_1/28983.png,1
/Users/sanjayachaudhary/Desktop/projects/day-22/data/raw/DevanagariHandwrittenCharacterDataset/Train/digit_1/6883.png,1
/Users/sanjayachaudhary/Desktop/projects/day-22/data/raw/DevanagariHandwrittenCharacterDataset/Train/digit_1/66832.png,1
/Users/sanjayachaudhary/Desktop/projects/day-22/data/raw/DevanagariHandwrittenCharacterDataset/Train/digit_1/56170.png,1
/Users/sanjayachaudhary/Desktop/projects/day-22/data/raw/DevanagariHandwrittenCharacterDataset/Train/digit_1/56122.png,1
/Users/sanjayachaudhary/Desktop/projects/day-22/data/raw/DevanagariHandwrittenCharacterDataset/Train/digit_1/18629.png,1
/Users/sanjayachaudhary/Desktop/projects/day-22/data/raw/DevanagariHandwrittenCharacterDataset/Train/digit_2/76950.png,2
/Users/sanjayachaudhary/Desktop/projects/day-22/data/raw/DevanagariHandwrittenCharacterDataset/Train/digit_2/56215.png,2
/Users/sanjayachaudhary/Desktop/projects/day-22/data/raw/DevanagariHandwrittenCharacterDataset/Train/digit_2/40278.png,2
/Users/sanjayachaudhary/Desktop/projects/day-22/data/raw/DevanagariHandwrittenCharacterDataset/Train/digit_2/40066.png,2
/Users/sanjayachaudhary/Desktop/projects/day-22/data/raw/DevanagariHandwrittenCharacterDataset/Train/digit_2/29300.png,2
/Users/sanjayachaudhary/Desktop/projects/day-22/data/raw/DevanagariHandwrittenCharacterDataset/Train/digit_2/39990.png,2
/Users/sanjayachaudhary/Desktop/projects/day-22/data/raw/DevanagariHandwrittenCharacterDataset/Train/digit_2/9776.png,2
/Users/sanjayachaudhary/Desktop/projects/day-22/data/raw/DevanagariHandwrittenCharacterDataset/Test/digit_2/18751.png,2
/Users/sanjayachaudhary/Desktop/projects/day-22/data/raw/DevanagariHandwrittenCharacterDataset/Test/digit_2/66929.png,2
/Users/sanjayachaudhary/Desktop/projects/day-22/data/raw/DevanagariHandwrittenCharacterDataset/Train/digit_2/49501.png,2
/Users/sanjayachaudhary/Desktop/projects/day-22/data/raw/DevanagariHandwrittenCharacterDataset/Train/digit_2/66971.png,2
/Users/sanjayachaudhary/Desktop/projects/day-22/data/raw/DevanagariHandwrittenCharacterDataset/Train/digit_2/66882.png,2
/Users/sanjayachaudhary/Desktop/projects/day-22/data/raw/DevanagariHandwrittenCharacterDataset/Train/digit_2/44628.png,2
/Users/sanjayachaudhary/Desktop/projects/day-22/data/raw/DevanagariHandwrittenCharacterDataset/Train/digit_2/56206.png,2
/Users/sanjayachaudhary/Desktop/projects/day-22/data/raw/DevanagariHandwrittenCharacterDataset/Train/digit_2/44646.png,2
/Users/sanjayachaudhary/Desktop/projects/day-22/data/raw/DevanagariHandwrittenCharacterDataset/Train/digit_2/76796.png,2
/Users/sanjayachaudhary/Desktop/projects/day-22/data/raw/DevanagariHandwrittenCharacterDataset/Train/digit_2/29322.png,2
/Users/sanjayachaudhary/Desktop/projects/day-22/data/raw/DevanagariHandwrittenCharacterDataset/Train/digit_2/56253.png,2
/Users/sanjayachaudhary/Desktop/projects/day-22/data/raw/DevanagariHandwrittenCharacterDataset/Train/digit_2/18708.png,2
/Users/sanjayachaudhary/Desktop/projects/day-22/data/raw/DevanagariHandwrittenCharacterDataset/Train/digit_2/56210.png,2
/Users/sanjayachaudhary/Desktop/projects/day-22/data/raw/DevanagariHandwrittenCharacterDataset/Test/digit_2/6943.png,2
/Users/sanjayachaudhary/Desktop/projects/day-22/data/raw/DevanagariHandwrittenCharacterDataset/Train/digit_2/6927.png,2
/Users/sanjayachaudhary/Desktop/projects/day-22/data/raw/DevanagariHandwrittenCharacterDataset/Train/digit_2/29236.png,2
/Users/sanjayachaudhary/Desktop/projects/day-22/data/raw/DevanagariHandwrittenCharacterDataset/Test/digit_2/5017.png,2
/Users/sanjayachaudhary/Desktop/projects/day-22/data/raw/DevanagariHandwrittenCharacterDataset/Train/digit_2/56228.png,2
/Users/sanjayachaudhary/Desktop/projects/day-22/data/raw/DevanagariHandwrittenCharacterDataset/Test/digit_2/66864.png,2
/Users/sanjayachaudhary/Desktop/projects/day-22/data/raw/DevanagariHandwrittenCharacterDataset/Train/digit_2/40232.png,2
/Users/sanjayachaudhary/Desktop/projects/day-22/data/raw/DevanagariHandwrittenCharacterDataset/Train/digit_2/76925.png,2
/Users/sanjayachaudhary/Desktop/projects/day-22/data/raw/DevanagariHandwrittenCharacterDataset/Train/digit_2/40326.png,2
/Users/sanjayachaudhary/Desktop/projects/day-22/data/raw/DevanagariHandwrittenCharacterDataset/Train/digit_2/40086.png,2
/Users/sanjayachaudhary/Desktop/projects/day-22/data/raw/DevanagariHandwrittenCharacterDataset/Train/digit_2/18717.png,2
/Users/sanjayachaudhary/Desktop/projects/day-22/data/raw/DevanagariHandwrittenCharacterDataset/Train/digit_2/29360.png,2
/Users/sanjayachaudhary/Desktop/projects/day-22/data/raw/DevanagariHandwrittenCharacterDataset/Train/digit_2/40099.png,2
/Users/sanjayachaudhary/Desktop/projects/day-22/data/raw/DevanagariHandwrittenCharacterDataset/Train/digit_2/76766.png,2
/Users/sanjayachaudhary/Desktop/projects/day-22/data/raw/DevanagariHandwrittenCharacterDataset/Train/digit_2/76676.png,2
/Users/sanjayachaudhary/Desktop/projects/day-22/data/raw/DevanagariHandwrittenCharacterDataset/Train/digit_2/40146.png,2
/Users/sanjayachaudhary/Desktop/projects/day-22/data/raw/DevanagariHandwrittenCharacterDataset/Train/digit_2/18692.png,2
/Users/sanjayachaudhary/Desktop/projects/day-22/data/raw/DevanagariHandwrittenCharacterDataset/Test/digit_2/40323.png,2
/Users/sanjayachaudhary/Desktop/projects/day-22/data/raw/DevanagariHandwrittenCharacterDataset/Train/digit_2/9775.png,2
/Users/sanjayachaudhary/Desktop/projects/day-22/data/raw/DevanagariHandwrittenCharacterDataset/Train/digit_2/4954.png,2
/Users/sanjayachaudhary/Desktop/projects/day-22/data/raw/DevanagariHandwrittenCharacterDataset/Test/digit_2/76856.png,2
/Users/sanjayachaudhary/Desktop/projects/day-22/data/raw/DevanagariHandwrittenCharacterDataset/Train/digit_2/40298.png,2
/Users/sanjayachaudhary/Desktop/projects/day-22/data/raw/DevanagariHandwrittenCharacterDataset/Train/digit_2/50818.png,2
/Users/sanjayachaudhary/Desktop/projects/day-22/data/raw/DevanagariHandwrittenCharacterDataset/Train/digit_2/66945.png,2
/Users/sanjayachaudhary/Desktop/projects/day-22/data/raw/DevanagariHandwrittenCharacterDataset/Train/digit_2/49484.png,2
/Users/sanjayachaudhary/Desktop/projects/day-22/data/raw/DevanagariHandwrittenCharacterDataset/Train/digit_3/40666.png,3
/Users/sanjayachaudhary/Desktop/projects/day-22/data/raw/DevanagariHandwrittenCharacterDataset/Train/digit_3/18773.png,3
/Users/sanjayachaudhary/Desktop/projects/day-22/data/raw/DevanagariHandwrittenCharacterDataset/Train/digit_3/12596.png,3
/Users/sanjayachaudhary/Desktop/projects/day-22/data/raw/DevanagariHandwrittenCharacterDataset/Test/digit_3/18830.png,3
/Users/sanjayachaudhary/Desktop/projects/day-22/data/raw/DevanagariHandwrittenCharacterDataset/Train/digit_3/77232.png,3
/Users/sanjayachaudhary/Desktop/projects/day-22/data/raw/DevanagariHandwrittenCharacterDataset/Train/digit_3/40661.png,3
/Users/sanjayachaudhary/Desktop/projects/day-22/data/raw/DevanagariHandwrittenCharacterDataset/Train/digit_3/67163.png,3
/Users/sanjayachaudhary/Desktop/projects/day-22/data/raw/DevanagariHandwrittenCharacterDataset/Train/digit_3/67054.png,3
/Users/sanjayachaudhary/Desktop/projects/day-22/data/raw/DevanagariHandwrittenCharacterDataset/Train/digit_3/77098.png,3
/Users/sanjayachaudhary/Desktop/projects/day-22/data/raw/DevanagariHandwrittenCharacterDataset/Train/digit_3/77266.png,3
/Users/sanjayachaudhary/Desktop/projects/day-22/data/raw/DevanagariHandwrittenCharacterDataset/Train/digit_3/67045.png,3
/Users/sanjayachaudhary/Desktop/projects/day-22/data/raw/DevanagariHandwrittenCharacterDataset/Train/digit_3/77249.png,3
/Users/sanjayachaudhary/Desktop/projects/day-22/data/raw/DevanagariHandwrittenCharacterDataset/Train/digit_3/5138.png,3
/Users/sanjayachaudhary/Desktop/projects/day-22/data/raw/DevanagariHandwrittenCharacterDataset/Test/digit_3/67126.png,3
/Users/sanjayachaudhary/Desktop/projects/day-22/data/raw/DevanagariHandwrittenCharacterDataset/Train/digit_3/40600.png,3
/Users/sanjayachaudhary/Desktop/projects/day-22/data/raw/DevanagariHandwrittenCharacterDataset/Test/digit_3/77063.png,3
/Users/sanjayachaudhary/Desktop/projects/day-22/data/raw/DevanagariHandwrittenCharacterDataset/Train/digit_3/67219.png,3
/Users/sanjayachaudhary/Desktop/projects/day-22/data/raw/DevanagariHandwrittenCharacterDataset/Test/digit_3/40381.png,3
/Users/sanjayachaudhary/Desktop/projects/day-22/data/raw/DevanagariHandwrittenCharacterDataset/Train/digit_3/9833.png,3
/Users/sanjayachaudhary/Desktop/projects/day-22/data/raw/DevanagariHandwrittenCharacterDataset/Train/digit_3/6966.png,3
/Users/sanjayachaudhary/Desktop/projects/day-22/data/raw/DevanagariHandwrittenCharacterDataset/Train/digit_3/40551.png,3
/Users/sanjayachaudhary/Desktop/projects/day-22/data/raw/DevanagariHandwrittenCharacterDataset/Train/digit_3/40770.png,3
/Users/sanjayachaudhary/Desktop/projects/day-22/data/raw/DevanagariHandwrittenCharacterDataset/Train/digit_3/6986.png,3
/Users/sanjayachaudhary/Desktop/projects/day-22/data/raw/DevanagariHandwrittenCharacterDataset/Train/digit_3/5147.png,3
/Users/sanjayachaudhary/Desktop/projects/day-22/data/raw/DevanagariHandwrittenCharacterDataset/Train/digit_3/67178.png,3
/Users/sanjayachaudhary/Desktop/projects/day-22/data/raw/DevanagariHandwrittenCharacterDataset/Train/digit_3/40777.png,3
/Users/sanjayachaudhary/Desktop/projects/day-22/data/raw/DevanagariHandwrittenCharacterDataset/Test/digit_3/9852.png,3
/Users/sanjayachaudhary/Desktop/projects/day-22/data/raw/DevanagariHandwrittenCharacterDataset/Train/digit_3/5123.png,3
/Users/sanjayachaudhary/Desktop/projects/day-22/data/raw/DevanagariHandwrittenCharacterDataset/Train/digit_3/12590.png,3
/Users/sanjayachaudhary/Desktop/projects/day-22/data/raw/DevanagariHandwrittenCharacterDataset/Train/digit_3/5178.png,3
/Users/sanjayachaudhary/Desktop/projects/day-22/data/raw/DevanagariHandwrittenCharacterDataset/Train/digit_3/5172.png,3
/Users/sanjayachaudhary/Desktop/projects/day-22/data/raw/DevanagariHandwrittenCharacterDataset/Train/digit_3/40456.png,3
/Users/sanjayachaudhary/Desktop/projects/day-22/data/raw/DevanagariHandwrittenCharacterDataset/Train/digit_3/40745.png,3
/Users/sanjayachaudhary/Desktop/projects/day-22/data/raw/DevanagariHandwrittenCharacterDataset/Train/digit_3/5117.png,3
/Users/sanjayachaudhary/Desktop/projects/day-22/data/raw/DevanagariHandwrittenCharacterDataset/Train/digit_3/7011.png,3
/Users/sanjayachaudhary/Desktop/projects/day-22/data/raw/DevanagariHandwrittenCharacterDataset/Train/digit_3/40424.png,3
/Users/sanjayachaudhary/Desktop/projects/day-22/data/raw/DevanagariHandwrittenCharacterDataset/Test/digit_3/29572.png,3
/Users/sanjayachaudhary/Desktop/projects/day-22/data/raw/DevanagariHandwrittenCharacterDataset/Train/digit_3/77099.png,3
/Users/sanjayachaudhary/Desktop/projects/day-22/data/raw/DevanagariHandwrittenCharacterDataset/Train/digit_3/43687.png,3
/Users/sanjayachaudhary/Desktop/projects/day-22/data/raw/DevanagariHandwrittenCharacterDataset/Train/digit_3/67221.png,3
/Users/sanjayachaudhary/Desktop/projects/day-22/data/raw/DevanagariHandwrittenCharacterDataset/Test/digit_3/18762.png,3
/Users/sanjayachaudhary/Desktop/projects/day-22/data/raw/DevanagariHandwrittenCharacterDataset/Train/digit_3/77160.png,3
/Users/sanjayachaudhary/Desktop/projects/day-22/data/raw/DevanagariHandwrittenCharacterDataset/Train/digit_3/40352.png,3
/Users/sanjayachaudhary/Desktop/projects/day-22/data/raw/DevanagariHandwrittenCharacterDataset/Train/digit_3/29389.png,3
/Users/sanjayachaudhary/Desktop/projects/day-22/data/raw/DevanagariHandwrittenCharacterDataset/Test/digit_3/29491.png,3
/Users/sanjayachaudhary/Desktop/projects/day-22/data/raw/DevanagariHandwrittenCharacterDataset/Test/digit_4/77556.png,4
/Users/sanjayachaudhary/Desktop/projects/day-22/data/raw/DevanagariHandwrittenCharacterDataset/Test/digit_4/43736.png,4
/Users/sanjayachaudhary/Desktop/projects/day-22/data/raw/DevanagariHandwrittenCharacterDataset/Train/digit_4/67363.png,4
/Users/sanjayachaudhary/Desktop/projects/day-22/data/raw/DevanagariHandwrittenCharacterDataset/Train/digit_4/40877.png,4
/Users/sanjayachaudhary/Desktop/projects/day-22/data/raw/DevanagariHandwrittenCharacterDataset/Train/digit_4/29671.png,4
/Users/sanjayachaudhary/Desktop/projects/day-22/data/raw/DevanagariHandwrittenCharacterDataset/Train/digit_4/5377.png,4
/Users/sanjayachaudhary/Desktop/projects/day-22/data/raw/DevanagariHandwrittenCharacterDataset/Train/digit_4/50865.png,4
/Users/sanjayachaudhary/Desktop/projects/day-22/data/raw/DevanagariHandwrittenCharacterDataset/Train/digit_4/67317.png,4
/Users/sanjayachaudhary/Desktop/projects/day-22/data/raw/DevanagariHandwrittenCharacterDataset/Test/digit_4/5333.png,4
/Users/sanjayachaudhary/Desktop/projects/day-22/data/raw/DevanagariHandwrittenCharacterDataset/Train/digit_4/18845.png,4
/Users/sanjayachaudhary/Desktop/projects/day-22/data/raw/DevanagariHandwrittenCharacterDataset/Train/digit_4/89731.png,4
/Users/sanjayachaudhary/Desktop/projects/day-22/data/raw/DevanagariHandwrittenCharacterDataset/Train/digit_4/40851.png,4
/Users/sanjayachaudhary/Desktop/projects/day-22/data/raw/DevanagariHandwrittenCharacterDataset/Test/digit_4/77693.png,4
/Users/sanjayachaudhary/Desktop/projects/day-22/data/raw/DevanagariHandwrittenCharacterDataset/Train/digit_4/40983.png,4
/Users/sanjayachaudhary/Desktop/projects/day-22/data/raw/DevanagariHandwrittenCharacterDataset/Train/digit_4/49705.png,4
/Users/sanjayachaudhary/Desktop/projects/day-22/data/raw/DevanagariHandwrittenCharacterDataset/Train/digit_4/103775.png,4
/Users/sanjayachaudhary/Desktop/projects/day-22/data/raw/DevanagariHandwrittenCharacterDataset/Train/digit_4/69121.png,4
/Users/sanjayachaudhary/Desktop/projects/day-22/data/raw/DevanagariHandwrittenCharacterDataset/Train/digit_4/77609.png,4
/Users/sanjayachaudhary/Desktop/projects/day-22/data/raw/DevanagariHandwrittenCharacterDataset/Train/digit_4/29771.png,4
/Users/sanjayachaudhary/Desktop/projects/day-22/data/raw/DevanagariHandwrittenCharacterDataset/Test/digit_4/40921.png,4
/Users/sanjayachaudhary/Desktop/projects/day-22/data/raw/DevanagariHandwrittenCharacterDataset/Train/digit_4/5289.png,4
/Users/sanjayachaudhary/Desktop/projects/day-22/data/raw/DevanagariHandwrittenCharacterDataset/Train/digit_4/22820.png,4
/Users/sanjayachaudhary/Desktop/projects/day-22/data/raw/DevanagariHandwrittenCharacterDataset/Train/digit_4/77544.png,4
/Users/sanjayachaudhary/Desktop/projects/day-22/data/raw/DevanagariHandwrittenCharacterDataset/Train/digit_4/40910.png,4
/Users/sanjayachaudhary/Desktop/projects/day-22/data/raw/DevanagariHandwrittenCharacterDataset/Test/digit_4/40916.png,4
/Users/sanjayachaudhary/Desktop/projects/day-22/data/raw/DevanagariHandwrittenCharacterDataset/Train/digit_4/44693.png,4
/Users/sanjayachaudhary/Desktop/projects/day-22/data/raw/DevanagariHandwrittenCharacterDataset/Train/digit_4/5279.png,4
/Users/sanjayachaudhary/Desktop/projects/day-22/data/raw/DevanagariHandwrittenCharacterDataset/Train/digit_4/40970.png,4
/Users/sanjayachaudhary/Desktop/projects/day-22/data/raw/DevanagariHandwrittenCharacterDataset/Train/digit_4/29717.png,4
/Users/sanjayachaudhary/Desktop/projects/day-22/data/raw/DevanagariHandwrittenCharacterDataset/Train/digit_4/18843.png,4
/Users/sanjayachaudhary/Desktop/projects/day-22/data/raw/DevanagariHandwrittenCharacterDataset/Train/digit_4/9933.png,4
/Users/sanjayachaudhary/Desktop/projects/day-22/data/raw/DevanagariHandwrittenCharacterDataset/Train/digit_4/77586.png,4
/Users/sanjayachaudhary/Desktop/projects/day-22/data/raw/DevanagariHandwrittenCharacterDataset/Train/digit_4/77415.png,4
/Users/sanjayachaudhary/Desktop/projects/day-22/data/raw/DevanagariHandwrittenCharacterDataset/Train/digit_4/67296.png,4
/Users/sanjayachaudhary/Desktop/projects/day-22/data/raw/DevanagariHandwrittenCharacterDataset/Train/digit_4/49640.png,4
/Users/sanjayachaudhary/Desktop/projects/day-22/data/raw/DevanagariHandwrittenCharacterDataset/Test/digit_4/86543.png,4
/Users/sanjayachaudhary/Desktop/projects/day-22/data/raw/DevanagariHandwrittenCharacterDataset/Train/digit_4/29810.png,4
/Users/sanjayachaudhary/Desktop/projects/day-22/data/raw/DevanagariHandwrittenCharacterDataset/Train/digit_4/77392.png,4
/Users/sanjayachaudhary/Desktop/projects/day-22/data/raw/DevanagariHandwrittenCharacterDataset/Train/digit_4/77642.png,4
/Users/sanjayachaudhary/Desktop/projects/day-22/data/raw/DevanagariHandwrittenCharacterDataset/Train/digit_4/103834.png,4
/Users/sanjayachaudhary/Desktop/projects/day-22/data/raw/DevanagariHandwrittenCharacterDataset/Train/digit_4/41001.png,4
/Users/sanjayachaudhary/Desktop/projects/day-22/data/raw/DevanagariHandwrittenCharacterDataset/Train/digit_4/56423.png,4
/Users/sanjayachaudhary/Desktop/projects/day-22/data/raw/DevanagariHandwrittenCharacterDataset/Train/digit_4/103783.png,4
/Users/sanjayachaudhary/Desktop/projects/day-22/data/raw/DevanagariHandwrittenCharacterDataset/Train/digit_4/5405.png,4
/Users/sanjayachaudhary/Desktop/projects/day-22/data/raw/DevanagariHandwrittenCharacterDataset/Train/digit_4/29804.png,4
/Users/sanjayachaudhary/Desktop/projects/day-22/data/raw/DevanagariHandwrittenCharacterDataset/Train/digit_5/67470.png,5
/Users/sanjayachaudhary/Desktop/projects/day-22/data/raw/DevanagariHandwrittenCharacterDataset/Train/digit_5/67629.png,5
/Users/sanjayachaudhary/Desktop/projects/day-22/data/raw/DevanagariHandwrittenCharacterDataset/Train/digit_5/41257.png,5
/Users/sanjayachaudhary/Desktop/projects/day-22/data/raw/DevanagariHandwrittenCharacterDataset/Train/digit_5/41450.png,5
/Users/sanjayachaudhary/Desktop/projects/day-22/data/raw/DevanagariHandwrittenCharacterDataset/Train/digit_5/41126.png,5
/Users/sanjayachaudhary/Desktop/projects/day-22/data/raw/DevanagariHandwrittenCharacterDataset/Train/digit_5/89917.png,5
/Users/sanjayachaudhary/Desktop/projects/day-22/data/raw/DevanagariHandwrittenCharacterDataset/Train/digit_5/41381.png,5
/Users/sanjayachaudhary/Desktop/projects/day-22/data/raw/DevanagariHandwrittenCharacterDataset/Test/digit_5/67437.png,5
/Users/sanjayachaudhary/Desktop/projects/day-22/data/raw/DevanagariHandwrittenCharacterDataset/Train/digit_5/29908.png,5
/Users/sanjayachaudhary/Desktop/projects/day-22/data/raw/DevanagariHandwrittenCharacterDataset/Train/digit_5/29959.png,5
/Users/sanjayachaudhary/Desktop/projects/day-22/data/raw/DevanagariHandwrittenCharacterDataset/Test/digit_5/41382.png,5
/Users/sanjayachaudhary/Desktop/projects/day-22/data/raw/DevanagariHandwrittenCharacterDataset/Test/digit_5/56498.png,5
/Users/sanjayachaudhary/Desktop/projects/day-22/data/raw/DevanagariHandwrittenCharacterDataset/Train/digit_5/67687.png,5
/Users/sanjayachaudhary/Desktop/projects/day-22/data/raw/DevanagariHandwrittenCharacterDataset/Train/digit_5/10049.png,5
/Users/sanjayachaudhary/Desktop/projects/day-22/data/raw/DevanagariHandwrittenCharacterDataset/Train/digit_5/13546.png,5
/Users/sanjayachaudhary/Desktop/projects/day-22/data/raw/DevanagariHandwrittenCharacterDataset/Train/digit_5/86555.png,5
/Users/sanjayachaudhary/Desktop/projects/day-22/data/raw/DevanagariHandwrittenCharacterDataset/Train/digit_5/71298.png,5
/Users/sanjayachaudhary/Desktop/projects/day-22/data/raw/DevanagariHandwrittenCharacterDataset/Train/digit_5/89830.png,5
/Users/sanjayachaudhary/Desktop/projects/day-22/data/raw/DevanagariHandwrittenCharacterDataset/Test/digit_5/10045.png,5
/Users/sanjayachaudhary/Desktop/projects/day-22/data/raw/DevanagariHandwrittenCharacterDataset/Train/digit_5/41453.png,5
/Users/sanjayachaudhary/Desktop/projects/day-22/data/raw/DevanagariHandwrittenCharacterDataset/Train/digit_5/41301.png,5
/Users/sanjayachaudhary/Desktop/projects/day-22/data/raw/DevanagariHandwrittenCharacterDataset/Test/digit_5/67569.png,5
/Users/sanjayachaudhary/Desktop/projects/day-22/data/raw/DevanagariHandwrittenCharacterDataset/Train/digit_5/89828.png,5
/Users/sanjayachaudhary/Desktop/projects/day-22/data/raw/DevanagariHandwrittenCharacterDataset/Test/digit_5/67581.png,5
/Users/sanjayachaudhary/Desktop/projects/day-22/data/raw/DevanagariHandwrittenCharacterDataset/Train/digit_5/53172.png,5
/Users/sanjayachaudhary/Desktop/projects/day-22/data/raw/DevanagariHandwrittenCharacterDataset/Train/digit_5/41239.png,5
/Users/sanjayachaudhary/Desktop/projects/day-22/data/raw/DevanagariHandwrittenCharacterDataset/Train/digit_5/18941.png,5
/Users/sanjayachaudhary/Desktop/projects/day-22/data/raw/DevanagariHandwrittenCharacterDataset/Test/digit_5/29909.png,5
/Users/sanjayachaudhary/Desktop/projects/day-22/data/raw/DevanagariHandwrittenCharacterDataset/Train/digit_5/41161.png,5
/Users/sanjayachaudhary/Desktop/projects/day-22/data/raw/DevanagariHandwrittenCharacterDataset/Train/digit_5/77904.png,5
/Users/sanjayachaudhary/Desktop/projects/day-22/data/raw/DevanagariHandwrittenCharacterDataset/Train/digit_5/12663.png,5
/Users/sanjayachaudhary/Desktop/projects/day-22/data/raw/DevanagariHandwrittenCharacterDataset/Train/digit_5/7102.png,5
/Users/sanjayachaudhary/Desktop/projects/day-22/data/raw/DevanagariHandwrittenCharacterDataset/Train/digit_5/5431.png,5
/Users/sanjayachaudhary/Desktop/projects/day-22/data/raw/DevanagariHandwrittenCharacterDataset/Train/digit_5/77718.png,5
/Users/sanjayachaudhary/Desktop/projects/day-22/data/raw/DevanagariHandwrittenCharacterDataset/Train/digit_5/89825.png,5
/Users/sanjayachaudhary/Desktop/projects/day-22/data/raw/DevanagariHandwrittenCharacterDataset/Train/digit_5/77721.png,5
/Users/sanjayachaudhary/Desktop/projects/day-22/data/raw/DevanagariHandwrittenCharacterDataset/Train/digit_5/67450.png,5
/Users/sanjayachaudhary/Desktop/projects/day-22/data/raw/DevanagariHandwrittenCharacterDataset/Train/digit_5/5433.png,5
/Users/sanjayachaudhary/Desktop/projects/day-22/data/raw/DevanagariHandwrittenCharacterDataset/Train/digit_5/44712.png,5
/Users/sanjayachaudhary/Desktop/projects/day-22/data/raw/DevanagariHandwrittenCharacterDataset/Train/digit_5/9963.png,5
/Users/sanjayachaudhary/Desktop/projects/day-22/data/raw/DevanagariHandwrittenCharacterDataset/Train/digit_5/41265.png,5
/Users/sanjayachaudhary/Desktop/projects/day-22/data/raw/DevanagariHandwrittenCharacterDataset/Train/digit_5/89839.png,5
/Users/sanjayachaudhary/Desktop/projects/day-22/data/raw/DevanagariHandwrittenCharacterDataset/Train/digit_5/49711.png,5
/Users/sanjayachaudhary/Desktop/projects/day-22/data/raw/DevanagariHandwrittenCharacterDataset/Train/digit_5/67514.png,5
/Users/sanjayachaudhary/Desktop/projects/day-22/data/raw/DevanagariHandwrittenCharacterDataset/Train/digit_5/41292.png,5
/Users/sanjayachaudhary/Desktop/projects/day-22/data/raw/DevanagariHandwrittenCharacterDataset/Test/digit_6/41570.png,6
/Users/sanjayachaudhary/Desktop/projects/day-22/data/raw/DevanagariHandwrittenCharacterDataset/Train/digit_6/49868.png,6
/Users/sanjayachaudhary/Desktop/projects/day-22/data/raw/DevanagariHandwrittenCharacterDataset/Train/digit_6/49808.png,6
/Users/sanjayachaudhary/Desktop/projects/day-22/data/raw/DevanagariHandwrittenCharacterDataset/Train/digit_6/56612.png,6
/Users/sanjayachaudhary/Desktop/projects/day-22/data/raw/DevanagariHandwrittenCharacterDataset/Train/digit_6/99205.png,6
/Users/sanjayachaudhary/Desktop/projects/day-22/data/raw/DevanagariHandwrittenCharacterDataset/Train/digit_6/22865.png,6
/Users/sanjayachaudhary/Desktop/projects/day-22/data/raw/DevanagariHandwrittenCharacterDataset/Train/digit_6/41534.png,6
/Users/sanjayachaudhary/Desktop/projects/day-22/data/raw/DevanagariHandwrittenCharacterDataset/Train/digit_6/99281.png,6
/Users/sanjayachaudhary/Desktop/projects/day-22/data/raw/DevanagariHandwrittenCharacterDataset/Train/digit_6/10172.png,6
/Users/sanjayachaudhary/Desktop/projects/day-22/data/raw/DevanagariHandwrittenCharacterDataset/Train/digit_6/43795.png,6
/Users/sanjayachaudhary/Desktop/projects/day-22/data/raw/DevanagariHandwrittenCharacterDataset/Train/digit_6/99301.png,6
/Users/sanjayachaudhary/Desktop/projects/day-22/data/raw/DevanagariHandwrittenCharacterDataset/Train/digit_6/99176.png,6
/Users/sanjayachaudhary/Desktop/projects/day-22/data/raw/DevanagariHandwrittenCharacterDataset/Train/digit_6/30061.png,6
/Users/sanjayachaudhary/Desktop/projects/day-22/data/raw/DevanagariHandwrittenCharacterDataset/Train/digit_6/13566.png,6
/Users/sanjayachaudhary/Desktop/projects/day-22/data/raw/DevanagariHandwrittenCharacterDataset/Test/digit_6/56568.png,6
/Users/sanjayachaudhary/Desktop/projects/day-22/data/raw/DevanagariHandwrittenCharacterDataset/Train/digit_6/99284.png,6
/Users/sanjayachaudhary/Desktop/projects/day-22/data/raw/DevanagariHandwrittenCharacterDataset/Test/digit_6/10136.png,6
/Users/sanjayachaudhary/Desktop/projects/day-22/data/raw/DevanagariHandwrittenCharacterDataset/Train/digit_6/71307.png,6
/Users/sanjayachaudhary/Desktop/projects/day-22/data/raw/DevanagariHandwrittenCharacterDataset/Train/digit_6/71303.png,6
/Users/sanjayachaudhary/Desktop/projects/day-22/data/raw/DevanagariHandwrittenCharacterDataset/Train/digit_6/41496.png,6
/Users/sanjayachaudhary/Desktop/projects/day-22/data/raw/DevanagariHandwrittenCharacterDataset/Train/digit_6/30034.png,6
/Users/sanjayachaudhary/Desktop/projects/day-22/data/raw/DevanagariHandwrittenCharacterDataset/Train/digit_6/10122.png,6
/Users/sanjayachaudhary/Desktop/projects/day-22/data/raw/DevanagariHandwrittenCharacterDataset/Train/digit_6/91613.png,6
/Users/sanjayachaudhary/Desktop/projects/day-22/data/raw/DevanagariHandwrittenCharacterDataset/Train/digit_6/41500.png,6
/Users/sanjayachaudhary/Desktop/projects/day-22/data/raw/DevanagariHandwrittenCharacterDataset/Train/digit_6/5661.png,6
/Users/sanjayachaudhary/Desktop/projects/day-22/data/raw/DevanagariHandwrittenCharacterDataset/Train/digit_6/30007.png,6
/Users/sanjayachaudhary/Desktop/projects/day-22/data/raw/DevanagariHandwrittenCharacterDataset/Train/digit_6/99240.png,6
/Users/sanjayachaudhary/Desktop/projects/day-22/data/raw/DevanagariHandwrittenCharacterDataset/Train/digit_6/89962.png,6
/Users/sanjayachaudhary/Desktop/projects/day-22/data/raw/DevanagariHandwrittenCharacterDataset/Train/digit_6/53214.png,6
/Users/sanjayachaudhary/Desktop/projects/day-22/data/raw/DevanagariHandwrittenCharacterDataset/Train/digit_6/67704.png,6
/Users/sanjayachaudhary/Desktop/projects/day-22/data/raw/DevanagariHandwrittenCharacterDataset/Test/digit_6/5600.png,6
/Users/sanjayachaudhary/Desktop/projects/day-22/data/raw/DevanagariHandwrittenCharacterDataset/Train/digit_6/49820.png,6
/Users/sanjayachaudhary/Desktop/projects/day-22/data/raw/DevanagariHandwrittenCharacterDataset/Train/digit_6/7168.png,6
/Users/sanjayachaudhary/Desktop/projects/day-22/data/raw/DevanagariHandwrittenCharacterDataset/Train/digit_6/10089.png,6
/Users/sanjayachaudhary/Desktop/projects/day-22/data/raw/DevanagariHandwrittenCharacterDataset/Train/digit_6/50890.png,6
/Users/sanjayachaudhary/Desktop/projects/day-22/data/raw/DevanagariHandwrittenCharacterDataset/Train/digit_6/67746.png,6
/Users/sanjayachaudhary/Desktop/projects/day-22/data/raw/DevanagariHandwrittenCharacterDataset/Train/digit_6/19022.png,6
/Users/sanjayachaudhary/Desktop/projects/day-22/data/raw/DevanagariHandwrittenCharacterDataset/Train/digit_6/78131.png,6
/Users/sanjayachaudhary/Desktop/projects/day-22/data/raw/DevanagariHandwrittenCharacterDataset/Train/digit_6/41677.png,6
/Users/sanjayachaudhary/Desktop/projects/day-22/data/raw/DevanagariHandwrittenCharacterDataset/Train/digit_6/5644.png,6
/Users/sanjayachaudhary/Desktop/projects/day-22/data/raw/DevanagariHandwrittenCharacterDataset/Train/digit_6/56587.png,6
/Users/sanjayachaudhary/Desktop/projects/day-22/data/raw/DevanagariHandwrittenCharacterDataset/Test/digit_6/67721.png,6
/Users/sanjayachaudhary/Desktop/projects/day-22/data/raw/DevanagariHandwrittenCharacterDataset/Train/digit_6/30084.png,6
/Users/sanjayachaudhary/Desktop/projects/day-22/data/raw/DevanagariHandwrittenCharacterDataset/Train/digit_6/85725.png,6
/Users/sanjayachaudhary/Desktop/projects/day-22/data/raw/DevanagariHandwrittenCharacterDataset/Train/digit_6/56614.png,6
/Users/sanjayachaudhary/Desktop/projects/day-22/data/raw/DevanagariHandwrittenCharacterDataset/Train/digit_7/7218.png,7
/Users/sanjayachaudhary/Desktop/projects/day-22/data/raw/DevanagariHandwrittenCharacterDataset/Train/digit_7/41808.png,7
/Users/sanjayachaudhary/Desktop/projects/day-22/data/raw/DevanagariHandwrittenCharacterDataset/Train/digit_7/78226.png,7
/Users/sanjayachaudhary/Desktop/projects/day-22/data/raw/DevanagariHandwrittenCharacterDataset/Train/digit_7/30348.png,7
/Users/sanjayachaudhary/Desktop/projects/day-22/data/raw/DevanagariHandwrittenCharacterDataset/Train/digit_7/22885.png,7
/Users/sanjayachaudhary/Desktop/projects/day-22/data/raw/DevanagariHandwrittenCharacterDataset/Train/digit_7/78283.png,7
/Users/sanjayachaudhary/Desktop/projects/day-22/data/raw/DevanagariHandwrittenCharacterDataset/Train/digit_7/68039.png,7
/Users/sanjayachaudhary/Desktop/projects/day-22/data/raw/DevanagariHandwrittenCharacterDataset/Train/digit_7/68077.png,7
/Users/sanjayachaudhary/Desktop/projects/day-22/data/raw/DevanagariHandwrittenCharacterDataset/Test/digit_7/30364.png,7
/Users/sanjayachaudhary/Desktop/projects/day-22/data/raw/DevanagariHandwrittenCharacterDataset/Train/digit_7/41945.png,7
/Users/sanjayachaudhary/Desktop/projects/day-22/data/raw/DevanagariHandwrittenCharacterDataset/Test/digit_7/13599.png,7
/Users/sanjayachaudhary/Desktop/projects/day-22/data/raw/DevanagariHandwrittenCharacterDataset/Train/digit_7/78508.png,7
/Users/sanjayachaudhary/Desktop/projects/day-22/data/raw/DevanagariHandwrittenCharacterDataset/Test/digit_7/44744.png,7
/Users/sanjayachaudhary/Desktop/projects/day-22/data/raw/DevanagariHandwrittenCharacterDataset/Train/digit_7/56640.png,7
/Users/sanjayachaudhary/Desktop/projects/day-22/data/raw/DevanagariHandwrittenCharacterDataset/Train/digit_7/41942.png,7
/Users/sanjayachaudhary/Desktop/projects/day-22/data/raw/DevanagariHandwrittenCharacterDataset/Train/digit_7/30334.png,7
/Users/sanjayachaudhary/Desktop/projects/day-22/data/raw/DevanagariHandwrittenCharacterDataset/Test/digit_7/41963.png,7
/Users/sanjayachaudhary/Desktop/projects/day-22/data/raw/DevanagariHandwrittenCharacterDataset/Test/digit_7/41813.png,7
/Users/sanjayachaudhary/Desktop/projects/day-22/data/raw/DevanagariHandwrittenCharacterDataset/Train/digit_7/30428.png,7
/Users/sanjayachaudhary/Desktop/projects/day-22/data/raw/DevanagariHandwrittenCharacterDataset/Test/digit_7/68000.png,7
/Users/sanjayachaudhary/Desktop/projects/day-22/data/raw/DevanagariHandwrittenCharacterDataset/Train/digit_7/10229.png,7
/Users/sanjayachaudhary/Desktop/projects/day-22/data/raw/DevanagariHandwrittenCharacterDataset/Train/digit_7/5784.png,7
/Users/sanjayachaudhary/Desktop/projects/day-22/data/raw/DevanagariHandwrittenCharacterDataset/Train/digit_7/85744.png,7
/Users/sanjayachaudhary/Desktop/projects/day-22/data/raw/DevanagariHandwrittenCharacterDataset/Train/digit_7/78528.png,7
/Users/sanjayachaudhary/Desktop/projects/day-22/data/raw/DevanagariHandwrittenCharacterDataset/Train/digit_7/41812.png,7
/Users/sanjayachaudhary/Desktop/projects/day-22/data/raw/DevanagariHandwrittenCharacterDataset/Test/digit_7/104022.png,7
/Users/sanjayachaudhary/Desktop/projects/day-22/data/raw/DevanagariHandwrittenCharacterDataset/Train/digit_7/7198.png,7
/Users/sanjayachaudhary/Desktop/projects/day-22/data/raw/DevanagariHandwrittenCharacterDataset/Train/digit_7/41920.png,7
/Users/sanjayachaudhary/Desktop/projects/day-22/data/raw/DevanagariHandwrittenCharacterDataset/Test/digit_7/30434.png,7
/Users/sanjayachaudhary/Desktop/projects/day-22/data/raw/DevanagariHandwrittenCharacterDataset/Train/digit_7/68162.png,7
/Users/sanjayachaudhary/Desktop/projects/day-22/data/raw/DevanagariHandwrittenCharacterDataset/Train/digit_7/92572.png,7
/Users/sanjayachaudhary/Desktop/projects/day-22/data/raw/DevanagariHandwrittenCharacterDataset/Train/digit_7/10286.png,7
/Users/sanjayachaudhary/Desktop/projects/day-22/data/raw/DevanagariHandwrittenCharacterDataset/Train/digit_7/5741.png,7
/Users/sanjayachaudhary/Desktop/projects/day-22/data/raw/DevanagariHandwrittenCharacterDataset/Train/digit_7/30381.png,7
/Users/sanjayachaudhary/Desktop/projects/day-22/data/raw/DevanagariHandwrittenCharacterDataset/Test/digit_7/104020.png,7
/Users/sanjayachaudhary/Desktop/projects/day-22/data/raw/DevanagariHandwrittenCharacterDataset/Train/digit_7/7214.png,7
/Users/sanjayachaudhary/Desktop/projects/day-22/data/raw/DevanagariHandwrittenCharacterDataset/Test/digit_7/78350.png,7
/Users/sanjayachaudhary/Desktop/projects/day-22/data/raw/DevanagariHandwrittenCharacterDataset/Train/digit_7/104095.png,7
/Users/sanjayachaudhary/Desktop/projects/day-22/data/raw/DevanagariHandwrittenCharacterDataset/Train/digit_7/5762.png,7
/Users/sanjayachaudhary/Desktop/projects/day-22/data/raw/DevanagariHandwrittenCharacterDataset/Train/digit_7/78268.png,7
/Users/sanjayachaudhary/Desktop/projects/day-22/data/raw/DevanagariHandwrittenCharacterDataset/Train/digit_7/43855.png,7
/Users/sanjayachaudhary/Desktop/projects/day-22/data/raw/DevanagariHandwrittenCharacterDataset/Train/digit_7/92566.png,7
/Users/sanjayachaudhary/Desktop/projects/day-22/data/raw/DevanagariHandwrittenCharacterDataset/Train/digit_7/12720.png,7
/Users/sanjayachaudhary/Desktop/projects/day-22/data/raw/DevanagariHandwrittenCharacterDataset/Train/digit_7/41905.png,7
/Users/sanjayachaudhary/Desktop/projects/day-22/data/raw/DevanagariHandwrittenCharacterDataset/Train/digit_7/78534.png,7
/Users/sanjayachaudhary/Desktop/projects/day-22/data/raw/DevanagariHandwrittenCharacterDataset/Test/digit_8/12749.png,8
/Users/sanjayachaudhary/Desktop/projects/day-22/data/raw/DevanagariHandwrittenCharacterDataset/Train/digit_8/92580.png,8
/Users/sanjayachaudhary/Desktop/projects/day-22/data/raw/DevanagariHandwrittenCharacterDataset/Test/digit_8/78589.png,8
/Users/sanjayachaudhary/Desktop/projects/day-22/data/raw/DevanagariHandwrittenCharacterDataset/Train/digit_8/92597.png,8
/Users/sanjayachaudhary/Desktop/projects/day-22/data/raw/DevanagariHandwrittenCharacterDataset/Train/digit_8/56765.png,8
/Users/sanjayachaudhary/Desktop/projects/day-22/data/raw/DevanagariHandwrittenCharacterDataset/Train/digit_8/68304.png,8
/Users/sanjayachaudhary/Desktop/projects/day-22/data/raw/DevanagariHandwrittenCharacterDataset/Train/digit_8/90064.png,8
/Users/sanjayachaudhary/Desktop/projects/day-22/data/raw/DevanagariHandwrittenCharacterDataset/Train/digit_8/78879.png,8
/Users/sanjayachaudhary/Desktop/projects/day-22/data/raw/DevanagariHandwrittenCharacterDataset/Train/digit_8/78933.png,8
/Users/sanjayachaudhary/Desktop/projects/day-22/data/raw/DevanagariHandwrittenCharacterDataset/Train/digit_8/19180.png,8
/Users/sanjayachaudhary/Desktop/projects/day-22/data/raw/DevanagariHandwrittenCharacterDataset/Train/digit_8/90105.png,8
/Users/sanjayachaudhary/Desktop/projects/day-22/data/raw/DevanagariHandwrittenCharacterDataset/Train/digit_8/78806.png,8
/Users/sanjayachaudhary/Desktop/projects/day-22/data/raw/DevanagariHandwrittenCharacterDataset/Train/digit_8/50051.png,8
/Users/sanjayachaudhary/Desktop/projects/day-22/data/raw/DevanagariHandwrittenCharacterDataset/Train/digit_8/68374.png,8
/Users/sanjayachaudhary/Desktop/projects/day-22/data/raw/DevanagariHandwrittenCharacterDataset/Train/digit_8/90119.png,8
/Users/sanjayachaudhary/Desktop/projects/day-22/data/raw/DevanagariHandwrittenCharacterDataset/Train/digit_8/78640.png,8
/Users/sanjayachaudhary/Desktop/projects/day-22/data/raw/DevanagariHandwrittenCharacterDataset/Train/digit_8/19149.png,8
/Users/sanjayachaudhary/Desktop/projects/day-22/data/raw/DevanagariHandwrittenCharacterDataset/Train/digit_8/30566.png,8
/Users/sanjayachaudhary/Desktop/projects/day-22/data/raw/DevanagariHandwrittenCharacterDataset/Train/digit_8/68256.png,8
/Users/sanjayachaudhary/Desktop/projects/day-22/data/raw/DevanagariHandwrittenCharacterDataset/Train/digit_8/91656.png,8
/Users/sanjayachaudhary/Desktop/projects/day-22/data/raw/DevanagariHandwrittenCharacterDataset/Train/digit_8/78793.png,8
/Users/sanjayachaudhary/Desktop/projects/day-22/data/raw/DevanagariHandwrittenCharacterDataset/Train/digit_8/91649.png,8
/Users/sanjayachaudhary/Desktop/projects/day-22/data/raw/DevanagariHandwrittenCharacterDataset/Train/digit_8/5852.png,8
/Users/sanjayachaudhary/Desktop/projects/day-22/data/raw/DevanagariHandwrittenCharacterDataset/Test/digit_8/10319.png,8
/Users/sanjayachaudhary/Desktop/projects/day-22/data/raw/DevanagariHandwrittenCharacterDataset/Train/digit_8/68259.png,8
/Users/sanjayachaudhary/Desktop/projects/day-22/data/raw/DevanagariHandwrittenCharacterDataset/Test/digit_8/30476.png,8
/Users/sanjayachaudhary/Desktop/projects/day-22/data/raw/DevanagariHandwrittenCharacterDataset/Train/digit_8/10390.png,8
/Users/sanjayachaudhary/Desktop/projects/day-22/data/raw/DevanagariHandwrittenCharacterDataset/Train/digit_8/78699.png,8
/Users/sanjayachaudhary/Desktop/projects/day-22/data/raw/DevanagariHandwrittenCharacterDataset/Train/digit_8/86620.png,8
/Users/sanjayachaudhary/Desktop/projects/day-22/data/raw/DevanagariHandwrittenCharacterDataset/Train/digit_8/19195.png,8
/Users/sanjayachaudhary/Desktop/projects/day-22/data/raw/DevanagariHandwrittenCharacterDataset/Train/digit_8/71348.png,8
/Users/sanjayachaudhary/Desktop/projects/day-22/data/raw/DevanagariHandwrittenCharacterDataset/Train/digit_8/78730.png,8
/Users/sanjayachaudhary/Desktop/projects/day-22/data/raw/DevanagariHandwrittenCharacterDataset/Test/digit_8/99401.png,8
/Users/sanjayachaudhary/Desktop/projects/day-22/data/raw/DevanagariHandwrittenCharacterDataset/Train/digit_8/30649.png,8
/Users/sanjayachaudhary/Desktop/projects/day-22/data/raw/DevanagariHandwrittenCharacterDataset/Train/digit_8/19166.png,8
/Users/sanjayachaudhary/Desktop/projects/day-22/data/raw/DevanagariHandwrittenCharacterDataset/Train/digit_8/13621.png,8
/Users/sanjayachaudhary/Desktop/projects/day-22/data/raw/DevanagariHandwrittenCharacterDataset/Train/digit_8/49983.png,8
/Users/sanjayachaudhary/Desktop/projects/day-22/data/raw/DevanagariHandwrittenCharacterDataset/Train/digit_8/13618.png,8
/Users/sanjayachaudhary/Desktop/projects/day-22/data/raw/DevanagariHandwrittenCharacterDataset/Train/digit_8/68359.png,8
/Users/sanjayachaudhary/Desktop/projects/day-22/data/raw/DevanagariHandwrittenCharacterDataset/Train/digit_8/104156.png,8
/Users/sanjayachaudhary/Desktop/projects/day-22/data/raw/DevanagariHandwrittenCharacterDataset/Train/digit_8/99415.png,8
/Users/sanjayachaudhary/Desktop/projects/day-22/data/raw/DevanagariHandwrittenCharacterDataset/Train/digit_8/50931.png,8
/Users/sanjayachaudhary/Desktop/projects/day-22/data/raw/DevanagariHandwrittenCharacterDataset/Train/digit_8/78615.png,8
/Users/sanjayachaudhary/Desktop/projects/day-22/data/raw/DevanagariHandwrittenCharacterDataset/Train/digit_8/78928.png,8
/Users/sanjayachaudhary/Desktop/projects/day-22/data/raw/DevanagariHandwrittenCharacterDataset/Train/digit_8/78682.png,8
/Users/sanjayachaudhary/Desktop/projects/day-22/data/raw/DevanagariHandwrittenCharacterDataset/Train/digit_9/56793.png,9
/Users/sanjayachaudhary/Desktop/projects/day-22/data/raw/DevanagariHandwrittenCharacterDataset/Test/digit_9/42310.png,9
/Users/sanjayachaudhary/Desktop/projects/day-22/data/raw/DevanagariHandwrittenCharacterDataset/Train/digit_9/99749.png,9
/Users/sanjayachaudhary/Desktop/projects/day-22/data/raw/DevanagariHandwrittenCharacterDataset/Test/digit_9/68622.png,9
/Users/sanjayachaudhary/Desktop/projects/day-22/data/raw/DevanagariHandwrittenCharacterDataset/Train/digit_9/79048.png,9
/Users/sanjayachaudhary/Desktop/projects/day-22/data/raw/DevanagariHandwrittenCharacterDataset/Train/digit_9/7450.png,9
/Users/sanjayachaudhary/Desktop/projects/day-22/data/raw/DevanagariHandwrittenCharacterDataset/Train/digit_9/56788.png,9
/Users/sanjayachaudhary/Desktop/projects/day-22/data/raw/DevanagariHandwrittenCharacterDataset/Train/digit_9/42354.png,9
/Users/sanjayachaudhary/Desktop/projects/day-22/data/raw/DevanagariHandwrittenCharacterDataset/Train/digit_9/42285.png,9
/Users/sanjayachaudhary/Desktop/projects/day-22/data/raw/DevanagariHandwrittenCharacterDataset/Test/digit_9/42476.png,9
/Users/sanjayachaudhary/Desktop/projects/day-22/data/raw/DevanagariHandwrittenCharacterDataset/Train/digit_9/68505.png,9
/Users/sanjayachaudhary/Desktop/projects/day-22/data/raw/DevanagariHandwrittenCharacterDataset/Train/digit_9/68658.png,9
/Users/sanjayachaudhary/Desktop/projects/day-22/data/raw/DevanagariHandwrittenCharacterDataset/Test/digit_9/90156.png,9
/Users/sanjayachaudhary/Desktop/projects/day-22/data/raw/DevanagariHandwrittenCharacterDataset/Train/digit_9/78946.png,9
/Users/sanjayachaudhary/Desktop/projects/day-22/data/raw/DevanagariHandwrittenCharacterDataset/Train/digit_9/42438.png,9
/Users/sanjayachaudhary/Desktop/projects/day-22/data/raw/DevanagariHandwrittenCharacterDataset/Test/digit_9/90135.png,9
/Users/sanjayachaudhary/Desktop/projects/day-22/data/raw/DevanagariHandwrittenCharacterDataset/Train/digit_9/53300.png,9
/Users/sanjayachaudhary/Desktop/projects/day-22/data/raw/DevanagariHandwrittenCharacterDataset/Train/digit_9/68635.png,9
/Users/sanjayachaudhary/Desktop/projects/day-22/data/raw/DevanagariHandwrittenCharacterDataset/Train/digit_9/7416.png,9
/Users/sanjayachaudhary/Desktop/projects/day-22/data/raw/DevanagariHandwrittenCharacterDataset/Test/digit_9/78944.png,9
/Users/sanjayachaudhary/Desktop/projects/day-22/data/raw/DevanagariHandwrittenCharacterDataset/Train/digit_9/13638.png,9
/Users/sanjayachaudhary/Desktop/projects/day-22/data/raw/DevanagariHandwrittenCharacterDataset/Train/digit_9/68665.png,9
/Users/sanjayachaudhary/Desktop/projects/day-22/data/raw/DevanagariHandwrittenCharacterDataset/Train/digit_9/99733.png,9
/Users/sanjayachaudhary/Desktop/projects/day-22/data/raw/DevanagariHandwrittenCharacterDataset/Train/digit_9/99771.png,9
/Users/sanjayachaudhary/Desktop/projects/day-22/data/raw/DevanagariHandwrittenCharacterDataset/Train/digit_9/99767.png,9
/Users/sanjayachaudhary/Desktop/projects/day-22/data/raw/DevanagariHandwrittenCharacterDataset/Train/digit_9/68737.png,9
/Users/sanjayachaudhary/Desktop/projects/day-22/data/raw/DevanagariHandwrittenCharacterDataset/Train/digit_9/42443.png,9
/Users/sanjayachaudhary/Desktop/projects/day-22/data/raw/DevanagariHandwrittenCharacterDataset/Train/digit_9/42448.png,9
/Users/sanjayachaudhary/Desktop/projects/day-22/data/raw/DevanagariHandwrittenCharacterDataset/Train/digit_9/50091.png,9
/Users/sanjayachaudhary/Desktop/projects/day-22/data/raw/DevanagariHandwrittenCharacterDataset/Test/digit_9/42253.png,9
/Users/sanjayachaudhary/Desktop/projects/day-22/data/raw/DevanagariHandwrittenCharacterDataset/Train/digit_9/7351.png,9
/Users/sanjayachaudhary/Desktop/projects/day-22/data/raw/DevanagariHandwrittenCharacterDataset/Train/digit_9/99747.png,9
/Users/sanjayachaudhary/Desktop/projects/day-22/data/raw/DevanagariHandwrittenCharacterDataset/Train/digit_9/30824.png,9
/Users/sanjayachaudhary/Desktop/projects/day-22/data/raw/DevanagariHandwrittenCharacterDataset/Train/digit_9/99445.png,9
/Users/sanjayachaudhary/Desktop/projects/day-22/data/raw/DevanagariHandwrittenCharacterDataset/Train/digit_9/50122.png,9
/Users/sanjayachaudhary/Desktop/projects/day-22/data/raw/DevanagariHandwrittenCharacterDataset/Train/digit_9/56823.png,9
/Users/sanjayachaudhary/Desktop/projects/day-22/data/raw/DevanagariHandwrittenCharacterDataset/Train/digit_9/79087.png,9
/Users/sanjayachaudhary/Desktop/projects/day-22/data/raw/DevanagariHandwrittenCharacterDataset/Train/digit_9/68503.png,9
/Users/sanjayachaudhary/Desktop/projects/day-22/data/raw/DevanagariHandwrittenCharacterDataset/Test/digit_9/50064.png,9
/Users/sanjayachaudhary/Desktop/projects/day-22/data/raw/DevanagariHandwrittenCharacterDataset/Train/digit_9/42462.png,9
/Users/sanjayachaudhary/Desktop/projects/day-22/data/raw/DevanagariHandwrittenCharacterDataset/Train/digit_9/42368.png,9
/Users/sanjayachaudhary/Desktop/projects/day-22/data/raw/DevanagariHandwrittenCharacterDataset/Train/digit_9/44782.png,9
/Users/sanjayachaudhary/Desktop/projects/day-22/data/raw/DevanagariHandwrittenCharacterDataset/Train/digit_9/68617.png,9
/Users/sanjayachaudhary/Desktop/projects/day-22/data/raw/DevanagariHandwrittenCharacterDataset/Train/digit_9/99672.png,9
/Users/sanjayachaudhary/Desktop/projects/day-22/data/raw/DevanagariHandwrittenCharacterDataset/Test/digit_9/79049.png,9
